{
  "dcx_per_waist": 228.2369,
  "waist_c0": [
    122.26583149192246,
    196.57803804661398
  ],
  "waist_c_pos": [
    137.72689560525615,
    201.12533884003562
  ],
  "waist_c_neg": [
    97.89204969656424,
    195.607672302352
  ],
  "dcy_per_shoulder": -5.5401,
  "shoulder_c0": [
    114.90230767748263,
    198.5830371864228
  ],
  "shoulder_c_pos": [
    111.84304799702466,
    200.8069625230826
  ],
  "shoulder_c_neg": [
    113.21843844321424,
    201.77388404460186
  ],
  "step_deg": 5.0,
  "image_hw": [
    260,
    260
  ],
  "image_centre": [
    130.0,
    130.0
  ],
  "timestamp": "2026-06-13 20:33:22"
}